{
  "ExpressionLimit": {"Type": "First"},
  "CollapseSettings": {
    "CollapseType": "ERA",
    "EraPad": 0
  },
  "CensorWindow": {
    "StartDate": null,
    "EndDate": null
  },
  "ConceptSets": [
    {
      "expression": {"items": [{
        "isExcluded": false,
        "concept": {
          "INVALID_REASON_CAPTION": "Valid",
          "CONCEPT_ID": 201826,
          "STANDARD_CONCEPT": "S",
          "CONCEPT_CODE": "44054006",
          "VOCABULARY_ID": "SNOMED",
          "CONCEPT_NAME": "Type 2 diabetes mellitus",
          "DOMAIN_ID": "Condition",
          "STANDARD_CONCEPT_CAPTION": "Standard",
          "CONCEPT_CLASS_ID": "Clinical Finding",
          "INVALID_REASON": "V"
        },
        "includeMapped": false,
        "includeDescendants": true
      }]},
      "name": "[PCH] T2DM",
      "id": 1
    },
    {
      "expression": {"items": [{
        "isExcluded": false,
        "concept": {
          "INVALID_REASON_CAPTION": "Valid",
          "CONCEPT_ID": 201254,
          "STANDARD_CONCEPT": "S",
          "CONCEPT_CODE": "46635009",
          "VOCABULARY_ID": "SNOMED",
          "CONCEPT_NAME": "Type 1 diabetes mellitus",
          "DOMAIN_ID": "Condition",
          "STANDARD_CONCEPT_CAPTION": "Standard",
          "CONCEPT_CLASS_ID": "Clinical Finding",
          "INVALID_REASON": "V"
        },
        "includeMapped": false,
        "includeDescendants": true
      }]},
      "name": "[PCH] T1DM",
      "id": 21
    },
    {
      "expression": {"items": [
        {
          "isExcluded": false,
          "concept": {
            "INVALID_REASON_CAPTION": "Valid",
            "CONCEPT_ID": 42922959,
            "STANDARD_CONCEPT": "S",
            "CONCEPT_CODE": "OMOP4649759",
            "VOCABULARY_ID": "RxNorm Extension",
            "CONCEPT_NAME": "0.5 ML dulaglutide 3 MG/ML Pen Injector",
            "DOMAIN_ID": "Drug",
            "STANDARD_CONCEPT_CAPTION": "Standard",
            "CONCEPT_CLASS_ID": "Quant Clinical Drug",
            "INVALID_REASON": "V"
          },
          "includeMapped": false,
          "includeDescendants": true
        },
        {
          "isExcluded": false,
          "concept": {
            "INVALID_REASON_CAPTION": "Valid",
            "CONCEPT_ID": 42922767,
            "STANDARD_CONCEPT": "S",
            "CONCEPT_CODE": "OMOP4649757",
            "VOCABULARY_ID": "RxNorm Extension",
            "CONCEPT_NAME": "0.5 ML dulaglutide 1.5 MG/ML Pen Injector",
            "DOMAIN_ID": "Drug",
            "STANDARD_CONCEPT_CAPTION": "Standard",
            "CONCEPT_CLASS_ID": "Quant Clinical Drug",
            "INVALID_REASON": "V"
          },
          "includeMapped": false,
          "includeDescendants": true
        },
        {
          "isExcluded": false,
          "concept": {
            "INVALID_REASON_CAPTION": "Valid",
            "CONCEPT_ID": 1501756,
            "STANDARD_CONCEPT": "C",
            "CONCEPT_CODE": "A10AE54",
            "VOCABULARY_ID": "ATC",
            "CONCEPT_NAME": "insulin glargine and lixisenatide; systemic",
            "DOMAIN_ID": "Drug",
            "STANDARD_CONCEPT_CAPTION": "Classification",
            "CONCEPT_CLASS_ID": "ATC 5th",
            "INVALID_REASON": "V"
          },
          "includeMapped": false,
          "includeDescendants": true
        },
        {
          "isExcluded": false,
          "concept": {
            "INVALID_REASON_CAPTION": "Valid",
            "CONCEPT_ID": 1123739,
            "STANDARD_CONCEPT": "C",
            "CONCEPT_CODE": "A10BJ04",
            "VOCABULARY_ID": "ATC",
            "CONCEPT_NAME": "albiglutide; parenteral",
            "DOMAIN_ID": "Drug",
            "STANDARD_CONCEPT_CAPTION": "Classification",
            "CONCEPT_CLASS_ID": "ATC 5th",
            "INVALID_REASON": "V"
          },
          "includeMapped": false,
          "includeDescendants": true
        },
        {
          "isExcluded": false,
          "concept": {
            "INVALID_REASON_CAPTION": "Valid",
            "CONCEPT_ID": 1123633,
            "STANDARD_CONCEPT": "C",
            "CONCEPT_CODE": "A10BJ01",
            "VOCABULARY_ID": "ATC",
            "CONCEPT_NAME": "exenatide; parenteral",
            "DOMAIN_ID": "Drug",
            "STANDARD_CONCEPT_CAPTION": "Classification",
            "CONCEPT_CLASS_ID": "ATC 5th",
            "INVALID_REASON": "V"
          },
          "includeMapped": false,
          "includeDescendants": true
        },
        {
          "isExcluded": false,
          "concept": {
            "INVALID_REASON_CAPTION": "Valid",
            "CONCEPT_ID": 1123609,
            "STANDARD_CONCEPT": "C",
            "CONCEPT_CODE": "A10BJ03",
            "VOCABULARY_ID": "ATC",
            "CONCEPT_NAME": "lixisenatide; parenteral",
            "DOMAIN_ID": "Drug",
            "STANDARD_CONCEPT_CAPTION": "Classification",
            "CONCEPT_CLASS_ID": "ATC 5th",
            "INVALID_REASON": "V"
          },
          "includeMapped": false,
          "includeDescendants": true
        },
        {
          "isExcluded": false,
          "concept": {
            "INVALID_REASON_CAPTION": "Valid",
            "CONCEPT_ID": 45774435,
            "STANDARD_CONCEPT": "S",
            "CONCEPT_CODE": "1551291",
            "VOCABULARY_ID": "RxNorm",
            "CONCEPT_NAME": "dulaglutide",
            "DOMAIN_ID": "Drug",
            "STANDARD_CONCEPT_CAPTION": "Standard",
            "CONCEPT_CLASS_ID": "Ingredient",
            "INVALID_REASON": "V"
          },
          "includeMapped": false,
          "includeDescendants": true
        },
        {
          "isExcluded": false,
          "concept": {
            "INVALID_REASON_CAPTION": "Valid",
            "CONCEPT_ID": 1583722,
            "STANDARD_CONCEPT": "S",
            "CONCEPT_CODE": "60548",
            "VOCABULARY_ID": "RxNorm",
            "CONCEPT_NAME": "exenatide",
            "DOMAIN_ID": "Drug",
            "STANDARD_CONCEPT_CAPTION": "Standard",
            "CONCEPT_CLASS_ID": "Ingredient",
            "INVALID_REASON": "V"
          },
          "includeMapped": false,
          "includeDescendants": true
        },
        {
          "isExcluded": false,
          "concept": {
            "INVALID_REASON_CAPTION": "Valid",
            "CONCEPT_ID": 40170911,
            "STANDARD_CONCEPT": "S",
            "CONCEPT_CODE": "475968",
            "VOCABULARY_ID": "RxNorm",
            "CONCEPT_NAME": "liraglutide",
            "DOMAIN_ID": "Drug",
            "STANDARD_CONCEPT_CAPTION": "Standard",
            "CONCEPT_CLASS_ID": "Ingredient",
            "INVALID_REASON": "V"
          },
          "includeMapped": false,
          "includeDescendants": true
        },
        {
          "isExcluded": false,
          "concept": {
            "INVALID_REASON_CAPTION": "Valid",
            "CONCEPT_ID": 44506754,
            "STANDARD_CONCEPT": "S",
            "CONCEPT_CODE": "1440051",
            "VOCABULARY_ID": "RxNorm",
            "CONCEPT_NAME": "lixisenatide",
            "DOMAIN_ID": "Drug",
            "STANDARD_CONCEPT_CAPTION": "Standard",
            "CONCEPT_CLASS_ID": "Ingredient",
            "INVALID_REASON": "V"
          },
          "includeMapped": false,
          "includeDescendants": true
        }
      ]},
      "name": "[PCH] GLP1a (final) - T2DM",
      "id": 27
    },
    {
      "expression": {"items": [
        {
          "isExcluded": false,
          "concept": {
            "INVALID_REASON_CAPTION": "Valid",
            "CONCEPT_ID": 44785831,
            "STANDARD_CONCEPT": "S",
            "CONCEPT_CODE": "1488569",
            "VOCABULARY_ID": "RxNorm",
            "CONCEPT_NAME": "dapagliflozin 10 MG Oral Tablet",
            "DOMAIN_ID": "Drug",
            "STANDARD_CONCEPT_CAPTION": "Standard",
            "CONCEPT_CLASS_ID": "Clinical Drug",
            "INVALID_REASON": "V"
          },
          "includeMapped": false,
          "includeDescendants": true
        },
        {
          "isExcluded": false,
          "concept": {
            "INVALID_REASON_CAPTION": "Valid",
            "CONCEPT_ID": 45774754,
            "STANDARD_CONCEPT": "S",
            "CONCEPT_CODE": "1545658",
            "VOCABULARY_ID": "RxNorm",
            "CONCEPT_NAME": "empagliflozin 10 MG Oral Tablet",
            "DOMAIN_ID": "Drug",
            "STANDARD_CONCEPT_CAPTION": "Standard",
            "CONCEPT_CLASS_ID": "Clinical Drug",
            "INVALID_REASON": "V"
          },
          "includeMapped": false,
          "includeDescendants": true
        },
        {
          "isExcluded": false,
          "concept": {
            "INVALID_REASON_CAPTION": "Valid",
            "CONCEPT_ID": 1123740,
            "STANDARD_CONCEPT": "C",
            "CONCEPT_CODE": "A10BK03",
            "VOCABULARY_ID": "ATC",
            "CONCEPT_NAME": "empagliflozin; oral",
            "DOMAIN_ID": "Drug",
            "STANDARD_CONCEPT_CAPTION": "Classification",
            "CONCEPT_CLASS_ID": "ATC 5th",
            "INVALID_REASON": "V"
          },
          "includeMapped": false,
          "includeDescendants": true
        },
        {
          "isExcluded": false,
          "concept": {
            "INVALID_REASON_CAPTION": "Valid",
            "CONCEPT_ID": 715887,
            "STANDARD_CONCEPT": "C",
            "CONCEPT_CODE": "A10BK04",
            "VOCABULARY_ID": "ATC",
            "CONCEPT_NAME": "ertugliflozin; oral",
            "DOMAIN_ID": "Drug",
            "STANDARD_CONCEPT_CAPTION": "Classification",
            "CONCEPT_CLASS_ID": "ATC 5th",
            "INVALID_REASON": "V"
          },
          "includeMapped": false,
          "includeDescendants": true
        },
        {
          "isExcluded": false,
          "concept": {
            "INVALID_REASON_CAPTION": "Valid",
            "CONCEPT_ID": 715760,
            "STANDARD_CONCEPT": "C",
            "CONCEPT_CODE": "A10BK05",
            "VOCABULARY_ID": "ATC",
            "CONCEPT_NAME": "ipragliflozin",
            "DOMAIN_ID": "Drug",
            "STANDARD_CONCEPT_CAPTION": "Classification",
            "CONCEPT_CLASS_ID": "ATC 5th",
            "INVALID_REASON": "V"
          },
          "includeMapped": false,
          "includeDescendants": true
        },
        {
          "isExcluded": false,
          "concept": {
            "INVALID_REASON_CAPTION": "Valid",
            "CONCEPT_ID": 43534751,
            "STANDARD_CONCEPT": "C",
            "CONCEPT_CODE": "A10BD15",
            "VOCABULARY_ID": "ATC",
            "CONCEPT_NAME": "metformin and dapagliflozin",
            "DOMAIN_ID": "Drug",
            "STANDARD_CONCEPT_CAPTION": "Classification",
            "CONCEPT_CLASS_ID": "ATC 5th",
            "INVALID_REASON": "V"
          },
          "includeMapped": false,
          "includeDescendants": true
        },
        {
          "isExcluded": false,
          "concept": {
            "INVALID_REASON_CAPTION": "Valid",
            "CONCEPT_ID": 1588671,
            "STANDARD_CONCEPT": "C",
            "CONCEPT_CODE": "A10BD20",
            "VOCABULARY_ID": "ATC",
            "CONCEPT_NAME": "metformin and empagliflozin",
            "DOMAIN_ID": "Drug",
            "STANDARD_CONCEPT_CAPTION": "Classification",
            "CONCEPT_CLASS_ID": "ATC 5th",
            "INVALID_REASON": "V"
          },
          "includeMapped": false,
          "includeDescendants": true
        },
        {
          "isExcluded": false,
          "concept": {
            "INVALID_REASON_CAPTION": "Valid",
            "CONCEPT_ID": 1123890,
            "STANDARD_CONCEPT": "C",
            "CONCEPT_CODE": "A10BK01",
            "VOCABULARY_ID": "ATC",
            "CONCEPT_NAME": "dapagliflozin; oral",
            "DOMAIN_ID": "Drug",
            "STANDARD_CONCEPT_CAPTION": "Classification",
            "CONCEPT_CLASS_ID": "ATC 5th",
            "INVALID_REASON": "V"
          },
          "includeMapped": false,
          "includeDescendants": true
        },
        {
          "isExcluded": false,
          "concept": {
            "INVALID_REASON_CAPTION": "Valid",
            "CONCEPT_ID": 44785829,
            "STANDARD_CONCEPT": "S",
            "CONCEPT_CODE": "1488564",
            "VOCABULARY_ID": "RxNorm",
            "CONCEPT_NAME": "dapagliflozin",
            "DOMAIN_ID": "Drug",
            "STANDARD_CONCEPT_CAPTION": "Standard",
            "CONCEPT_CLASS_ID": "Ingredient",
            "INVALID_REASON": "V"
          },
          "includeMapped": false,
          "includeDescendants": true
        },
        {
          "isExcluded": false,
          "concept": {
            "INVALID_REASON_CAPTION": "Valid",
            "CONCEPT_ID": 45774751,
            "STANDARD_CONCEPT": "S",
            "CONCEPT_CODE": "1545653",
            "VOCABULARY_ID": "RxNorm",
            "CONCEPT_NAME": "empagliflozin",
            "DOMAIN_ID": "Drug",
            "STANDARD_CONCEPT_CAPTION": "Standard",
            "CONCEPT_CLASS_ID": "Ingredient",
            "INVALID_REASON": "V"
          },
          "includeMapped": false,
          "includeDescendants": true
        },
        {
          "isExcluded": false,
          "concept": {
            "INVALID_REASON_CAPTION": "Valid",
            "CONCEPT_ID": 793293,
            "STANDARD_CONCEPT": "S",
            "CONCEPT_CODE": "1992672",
            "VOCABULARY_ID": "RxNorm",
            "CONCEPT_NAME": "ertugliflozin",
            "DOMAIN_ID": "Drug",
            "STANDARD_CONCEPT_CAPTION": "Standard",
            "CONCEPT_CLASS_ID": "Ingredient",
            "INVALID_REASON": "V"
          },
          "includeMapped": false,
          "includeDescendants": true
        },
        {
          "isExcluded": false,
          "concept": {
            "INVALID_REASON_CAPTION": "Valid",
            "CONCEPT_ID": 43009020,
            "STANDARD_CONCEPT": "S",
            "CONCEPT_CODE": "OMOP4700446",
            "VOCABULARY_ID": "RxNorm Extension",
            "CONCEPT_NAME": "ipragliflozin",
            "DOMAIN_ID": "Drug",
            "STANDARD_CONCEPT_CAPTION": "Standard",
            "CONCEPT_CLASS_ID": "Ingredient",
            "INVALID_REASON": "V"
          },
          "includeMapped": false,
          "includeDescendants": true
        }
      ]},
      "name": "[PCH] SGLT2i (final) - T2DM",
      "id": 28
    },
    {
      "expression": {"items": [
        {
          "isExcluded": false,
          "concept": {
            "INVALID_REASON_CAPTION": "Valid",
            "CONCEPT_ID": 1503297,
            "STANDARD_CONCEPT": "S",
            "CONCEPT_CODE": "6809",
            "VOCABULARY_ID": "RxNorm",
            "CONCEPT_NAME": "metformin",
            "DOMAIN_ID": "Drug",
            "STANDARD_CONCEPT_CAPTION": "Standard",
            "CONCEPT_CLASS_ID": "Ingredient",
            "INVALID_REASON": "V"
          },
          "includeMapped": false,
          "includeDescendants": true
        },
        {
          "isExcluded": false,
          "concept": {
            "INVALID_REASON_CAPTION": "Valid",
            "CONCEPT_ID": 21600747,
            "STANDARD_CONCEPT": "C",
            "CONCEPT_CODE": "A10BA02",
            "VOCABULARY_ID": "ATC",
            "CONCEPT_NAME": "metformin; oral",
            "DOMAIN_ID": "Drug",
            "STANDARD_CONCEPT_CAPTION": "Classification",
            "CONCEPT_CLASS_ID": "ATC 5th",
            "INVALID_REASON": "V"
          },
          "includeMapped": false,
          "includeDescendants": true
        }
      ]},
      "name": "[PCH] metformin - T2DM",
      "id": 29
    },
    {
      "expression": {"items": [{
        "isExcluded": false,
        "concept": {
          "INVALID_REASON_CAPTION": "Valid",
          "CONCEPT_ID": 193782,
          "STANDARD_CONCEPT": "S",
          "CONCEPT_CODE": "46177005",
          "VOCABULARY_ID": "SNOMED",
          "CONCEPT_NAME": "End-stage renal disease",
          "DOMAIN_ID": "Condition",
          "STANDARD_CONCEPT_CAPTION": "Standard",
          "CONCEPT_CLASS_ID": "Clinical Finding",
          "INVALID_REASON": "V"
        },
        "includeMapped": false,
        "includeDescendants": true
      }]},
      "name": "[PCH] ESRD",
      "id": 30
    },
    {
      "expression": {"items": [{
        "isExcluded": false,
        "concept": {
          "INVALID_REASON_CAPTION": "Valid",
          "CONCEPT_ID": 4120120,
          "STANDARD_CONCEPT": "S",
          "CONCEPT_CODE": "302497006",
          "VOCABULARY_ID": "SNOMED",
          "CONCEPT_NAME": "Hemodialysis",
          "DOMAIN_ID": "Procedure",
          "STANDARD_CONCEPT_CAPTION": "Standard",
          "CONCEPT_CLASS_ID": "Procedure",
          "INVALID_REASON": "V"
        },
        "includeMapped": false,
        "includeDescendants": true
      }]},
      "name": "[PCH] hemodialysis",
      "id": 31
    },
    {
      "expression": {"items": [{
        "isExcluded": false,
        "concept": {
          "INVALID_REASON_CAPTION": "Valid",
          "CONCEPT_ID": 4324124,
          "STANDARD_CONCEPT": "S",
          "CONCEPT_CODE": "71192002",
          "VOCABULARY_ID": "SNOMED",
          "CONCEPT_NAME": "Peritoneal dialysis",
          "DOMAIN_ID": "Procedure",
          "STANDARD_CONCEPT_CAPTION": "Standard",
          "CONCEPT_CLASS_ID": "Procedure",
          "INVALID_REASON": "V"
        },
        "includeMapped": false,
        "includeDescendants": true
      }]},
      "name": "[PCH] peritoneal dialysis",
      "id": 32
    },
    {
      "expression": {"items": [{
        "isExcluded": false,
        "concept": {
          "INVALID_REASON_CAPTION": "Valid",
          "CONCEPT_ID": 4322471,
          "STANDARD_CONCEPT": "S",
          "CONCEPT_CODE": "70536003",
          "VOCABULARY_ID": "SNOMED",
          "CONCEPT_NAME": "Transplant of kidney",
          "DOMAIN_ID": "Procedure",
          "STANDARD_CONCEPT_CAPTION": "Standard",
          "CONCEPT_CLASS_ID": "Procedure",
          "INVALID_REASON": "V"
        },
        "includeMapped": false,
        "includeDescendants": true
      }]},
      "name": "[PCH] Transplant of kidney",
      "id": 33
    },
    {
      "expression": {"items": [{
        "isExcluded": false,
        "concept": {
          "INVALID_REASON_CAPTION": "Valid",
          "CONCEPT_ID": 443611,
          "STANDARD_CONCEPT": "S",
          "CONCEPT_CODE": "433146000",
          "VOCABULARY_ID": "SNOMED",
          "CONCEPT_NAME": "Chronic kidney disease stage 5",
          "DOMAIN_ID": "Condition",
          "STANDARD_CONCEPT_CAPTION": "Standard",
          "CONCEPT_CLASS_ID": "Clinical Finding",
          "INVALID_REASON": "V"
        },
        "includeMapped": false,
        "includeDescendants": true
      }]},
      "name": "[PCH] CKD stage 5",
      "id": 34
    }
  ],
  "EndStrategy": {"CustomEra": {
    "DrugCodesetId": 28,
    "DaysSupplyOverride": null,
    "GapDays": 30,
    "Offset": 30
  }},
  "cdmVersionRange": ">=5.0.0",
  "CensoringCriteria": [{"DrugExposure": {
    "OccurrenceEndDate": null,
    "CorrelatedCriteria": null,
    "DrugSourceConcept": null,
    "CodesetId": 27,
    "DrugTypeExclude": false,
    "Quantity": null,
    "DrugType": null,
    "ProviderSpecialty": null,
    "EffectiveDrugDose": null,
    "Gender": null,
    "DaysSupply": null,
    "DoseUnit": null,
    "VisitType": null,
    "Refills": null,
    "First": null,
    "OccurrenceStartDate": null,
    "RouteConcept": null,
    "StopReason": null,
    "LotNumber": null,
    "Age": null
  }}],
  "QualifiedLimit": {"Type": "First"},
  "InclusionRules": [
    {
      "expression": {
        "CriteriaList": [{
          "RestrictVisit": false,
          "StartWindow": {
            "UseEventEnd": false,
            "Start": {
              "Days": null,
              "Coeff": -1
            },
            "End": {
              "Days": 0,
              "Coeff": 1
            },
            "UseIndexEnd": false
          },
          "IgnoreObservationPeriod": false,
          "EndWindow": null,
          "Criteria": {"ConditionOccurrence": {
            "OccurrenceEndDate": null,
            "CorrelatedCriteria": null,
            "ConditionTypeExclude": false,
            "CodesetId": 1,
            "ProviderSpecialty": null,
            "Gender": null,
            "VisitType": null,
            "First": null,
            "OccurrenceStartDate": null,
            "ConditionType": null,
            "ConditionSourceConcept": null,
            "ConditionStatus": null,
            "StopReason": null,
            "Age": null
          }},
          "Occurrence": {
            "Type": 2,
            "CountColumn": null,
            "IsDistinct": false,
            "Count": 1
          }
        }],
        "Type": "ALL",
        "DemographicCriteriaList": [],
        "Groups": [],
        "Count": null
      },
      "name": "T2DM diagnosis before index date",
      "description": null
    },
    {
      "expression": {
        "CriteriaList": [{
          "RestrictVisit": false,
          "StartWindow": {
            "UseEventEnd": false,
            "Start": {
              "Days": null,
              "Coeff": -1
            },
            "End": {
              "Days": null,
              "Coeff": 1
            },
            "UseIndexEnd": false
          },
          "IgnoreObservationPeriod": false,
          "EndWindow": null,
          "Criteria": {"ConditionOccurrence": {
            "OccurrenceEndDate": null,
            "CorrelatedCriteria": null,
            "ConditionTypeExclude": false,
            "CodesetId": 21,
            "ProviderSpecialty": null,
            "Gender": null,
            "VisitType": null,
            "First": null,
            "OccurrenceStartDate": null,
            "ConditionType": null,
            "ConditionSourceConcept": null,
            "ConditionStatus": null,
            "StopReason": null,
            "Age": null
          }},
          "Occurrence": {
            "Type": 0,
            "CountColumn": null,
            "IsDistinct": false,
            "Count": 0
          }
        }],
        "Type": "ALL",
        "DemographicCriteriaList": [],
        "Groups": [],
        "Count": null
      },
      "name": "all time no T1DM",
      "description": null
    },
    {
      "expression": {
        "CriteriaList": [{
          "RestrictVisit": false,
          "StartWindow": {
            "UseEventEnd": false,
            "Start": {
              "Days": null,
              "Coeff": -1
            },
            "End": {
              "Days": 0,
              "Coeff": 1
            },
            "UseIndexEnd": false
          },
          "IgnoreObservationPeriod": false,
          "EndWindow": null,
          "Criteria": {"DrugExposure": {
            "OccurrenceEndDate": null,
            "CorrelatedCriteria": null,
            "DrugSourceConcept": null,
            "CodesetId": 27,
            "DrugTypeExclude": false,
            "Quantity": null,
            "DrugType": null,
            "ProviderSpecialty": null,
            "EffectiveDrugDose": null,
            "Gender": null,
            "DaysSupply": null,
            "DoseUnit": null,
            "VisitType": null,
            "Refills": null,
            "First": null,
            "OccurrenceStartDate": null,
            "RouteConcept": null,
            "StopReason": null,
            "LotNumber": null,
            "Age": null
          }},
          "Occurrence": {
            "Type": 0,
            "CountColumn": null,
            "IsDistinct": false,
            "Count": 0
          }
        }],
        "Type": "ALL",
        "DemographicCriteriaList": [],
        "Groups": [],
        "Count": null
      },
      "name": "No GLP1a before index date",
      "description": null
    },
    {
      "expression": {
        "CriteriaList": [{
          "RestrictVisit": false,
          "StartWindow": {
            "UseEventEnd": false,
            "Start": {
              "Days": null,
              "Coeff": -1
            },
            "End": {
              "Days": 1,
              "Coeff": -1
            },
            "UseIndexEnd": false
          },
          "IgnoreObservationPeriod": false,
          "EndWindow": null,
          "Criteria": {"DrugExposure": {
            "OccurrenceEndDate": null,
            "CorrelatedCriteria": null,
            "DrugSourceConcept": null,
            "CodesetId": 29,
            "DrugTypeExclude": false,
            "Quantity": null,
            "DrugType": null,
            "ProviderSpecialty": null,
            "EffectiveDrugDose": null,
            "Gender": null,
            "DaysSupply": null,
            "DoseUnit": null,
            "VisitType": null,
            "Refills": null,
            "First": null,
            "OccurrenceStartDate": null,
            "RouteConcept": null,
            "StopReason": null,
            "LotNumber": null,
            "Age": null
          }},
          "Occurrence": {
            "Type": 2,
            "CountColumn": null,
            "IsDistinct": false,
            "Count": 1
          }
        }],
        "Type": "ALL",
        "DemographicCriteriaList": [],
        "Groups": [],
        "Count": null
      },
      "name": "previous metformin treatment",
      "description": null
    },
    {
      "expression": {
        "CriteriaList": [
          {
            "RestrictVisit": false,
            "StartWindow": {
              "UseEventEnd": false,
              "Start": {
                "Days": null,
                "Coeff": -1
              },
              "End": {
                "Days": 0,
                "Coeff": -1
              },
              "UseIndexEnd": false
            },
            "IgnoreObservationPeriod": false,
            "EndWindow": null,
            "Criteria": {"ConditionOccurrence": {
              "OccurrenceEndDate": null,
              "CorrelatedCriteria": null,
              "ConditionTypeExclude": false,
              "CodesetId": 30,
              "ProviderSpecialty": null,
              "Gender": null,
              "VisitType": null,
              "First": null,
              "OccurrenceStartDate": null,
              "ConditionType": null,
              "ConditionSourceConcept": null,
              "ConditionStatus": null,
              "StopReason": null,
              "Age": null
            }},
            "Occurrence": {
              "Type": 1,
              "CountColumn": null,
              "IsDistinct": false,
              "Count": 0
            }
          },
          {
            "RestrictVisit": false,
            "StartWindow": {
              "UseEventEnd": false,
              "Start": {
                "Days": null,
                "Coeff": -1
              },
              "End": {
                "Days": 0,
                "Coeff": -1
              },
              "UseIndexEnd": false
            },
            "IgnoreObservationPeriod": false,
            "EndWindow": null,
            "Criteria": {"ProcedureOccurrence": {
              "ProcedureType": null,
              "CorrelatedCriteria": null,
              "CodesetId": 31,
              "ProcedureSourceConcept": null,
              "Quantity": null,
              "ProviderSpecialty": null,
              "Gender": null,
              "ProcedureTypeExclude": false,
              "VisitType": null,
              "First": null,
              "OccurrenceStartDate": null,
              "Modifier": null,
              "Age": null
            }},
            "Occurrence": {
              "Type": 1,
              "CountColumn": null,
              "IsDistinct": false,
              "Count": 0
            }
          },
          {
            "RestrictVisit": false,
            "StartWindow": {
              "UseEventEnd": false,
              "Start": {
                "Days": null,
                "Coeff": -1
              },
              "End": {
                "Days": 0,
                "Coeff": -1
              },
              "UseIndexEnd": false
            },
            "IgnoreObservationPeriod": false,
            "EndWindow": null,
            "Criteria": {"ProcedureOccurrence": {
              "ProcedureType": null,
              "CorrelatedCriteria": null,
              "CodesetId": 32,
              "ProcedureSourceConcept": null,
              "Quantity": null,
              "ProviderSpecialty": null,
              "Gender": null,
              "ProcedureTypeExclude": false,
              "VisitType": null,
              "First": null,
              "OccurrenceStartDate": null,
              "Modifier": null,
              "Age": null
            }},
            "Occurrence": {
              "Type": 1,
              "CountColumn": null,
              "IsDistinct": false,
              "Count": 0
            }
          },
          {
            "RestrictVisit": false,
            "StartWindow": {
              "UseEventEnd": false,
              "Start": {
                "Days": null,
                "Coeff": -1
              },
              "End": {
                "Days": 0,
                "Coeff": -1
              },
              "UseIndexEnd": false
            },
            "IgnoreObservationPeriod": false,
            "EndWindow": null,
            "Criteria": {"ProcedureOccurrence": {
              "ProcedureType": null,
              "CorrelatedCriteria": null,
              "CodesetId": 33,
              "ProcedureSourceConcept": null,
              "Quantity": null,
              "ProviderSpecialty": null,
              "Gender": null,
              "ProcedureTypeExclude": false,
              "VisitType": null,
              "First": null,
              "OccurrenceStartDate": null,
              "Modifier": null,
              "Age": null
            }},
            "Occurrence": {
              "Type": 1,
              "CountColumn": null,
              "IsDistinct": false,
              "Count": 0
            }
          },
          {
            "RestrictVisit": false,
            "StartWindow": {
              "UseEventEnd": false,
              "Start": {
                "Days": null,
                "Coeff": -1
              },
              "End": {
                "Days": 0,
                "Coeff": -1
              },
              "UseIndexEnd": false
            },
            "IgnoreObservationPeriod": false,
            "EndWindow": null,
            "Criteria": {"ConditionOccurrence": {
              "OccurrenceEndDate": null,
              "CorrelatedCriteria": null,
              "ConditionTypeExclude": false,
              "CodesetId": 34,
              "ProviderSpecialty": null,
              "Gender": null,
              "VisitType": null,
              "First": null,
              "OccurrenceStartDate": null,
              "ConditionType": null,
              "ConditionSourceConcept": null,
              "ConditionStatus": null,
              "StopReason": null,
              "Age": null
            }},
            "Occurrence": {
              "Type": 1,
              "CountColumn": null,
              "IsDistinct": false,
              "Count": 0
            }
          }
        ],
        "Type": "ALL",
        "DemographicCriteriaList": [],
        "Groups": [],
        "Count": null
      },
      "name": "No previous ESRD, HD, PD, KT, CKD stage 5",
      "description": null
    }
  ],
  "PrimaryCriteria": {
    "CriteriaList": [{"DrugExposure": {
      "OccurrenceEndDate": null,
      "CorrelatedCriteria": null,
      "DrugSourceConcept": null,
      "CodesetId": 28,
      "DrugTypeExclude": false,
      "Quantity": null,
      "DrugType": null,
      "ProviderSpecialty": null,
      "EffectiveDrugDose": null,
      "Gender": null,
      "DaysSupply": null,
      "DoseUnit": null,
      "VisitType": null,
      "Refills": null,
      "First": true,
      "OccurrenceStartDate": null,
      "RouteConcept": null,
      "StopReason": null,
      "LotNumber": null,
      "Age": {
        "Op": "gte",
        "Extent": null,
        "Value": 18
      }
    }}],
    "PrimaryCriteriaLimit": {"Type": "First"},
    "ObservationWindow": {
      "PostDays": 0,
      "PriorDays": 365
    }
  }
}