{
  "ExpressionLimit": {"Type": "All"},
  "CollapseSettings": {
    "CollapseType": "ERA",
    "EraPad": 0
  },
  "CensorWindow": {
    "StartDate": null,
    "EndDate": null
  },
  "ConceptSets": [{
    "expression": {"items": [
      {
        "isExcluded": false,
        "concept": {
          "INVALID_REASON_CAPTION": "Valid",
          "CONCEPT_ID": 35506494,
          "STANDARD_CONCEPT": "C",
          "CONCEPT_CODE": "10012671",
          "VOCABULARY_ID": "MedDRA",
          "CONCEPT_NAME": "Diabetic ketoacidosis",
          "DOMAIN_ID": "Condition",
          "STANDARD_CONCEPT_CAPTION": "Classification",
          "CONCEPT_CLASS_ID": "PT",
          "INVALID_REASON": "V"
        },
        "includeMapped": false,
        "includeDescendants": true
      },
      {
        "isExcluded": false,
        "concept": {
          "INVALID_REASON_CAPTION": "Valid",
          "CONCEPT_ID": 443727,
          "STANDARD_CONCEPT": "S",
          "CONCEPT_CODE": "420422005",
          "VOCABULARY_ID": "SNOMED",
          "CONCEPT_NAME": "Diabetic ketoacidosis",
          "DOMAIN_ID": "Condition",
          "STANDARD_CONCEPT_CAPTION": "Standard",
          "CONCEPT_CLASS_ID": "Clinical Finding",
          "INVALID_REASON": "V"
        },
        "includeMapped": false,
        "includeDescendants": true
      },
      {
        "isExcluded": false,
        "concept": {
          "INVALID_REASON_CAPTION": "Valid",
          "CONCEPT_ID": 443734,
          "STANDARD_CONCEPT": "S",
          "CONCEPT_CODE": "421750000",
          "VOCABULARY_ID": "SNOMED",
          "CONCEPT_NAME": "Ketoacidosis due to type 2 diabetes mellitus",
          "DOMAIN_ID": "Condition",
          "STANDARD_CONCEPT_CAPTION": "Standard",
          "CONCEPT_CLASS_ID": "Clinical Finding",
          "INVALID_REASON": "V"
        },
        "includeMapped": false,
        "includeDescendants": true
      },
      {
        "isExcluded": true,
        "concept": {
          "INVALID_REASON_CAPTION": "Valid",
          "CONCEPT_ID": 439770,
          "STANDARD_CONCEPT": "S",
          "CONCEPT_CODE": "420270002",
          "VOCABULARY_ID": "SNOMED",
          "CONCEPT_NAME": "Ketoacidosis due to type 1 diabetes mellitus",
          "DOMAIN_ID": "Condition",
          "STANDARD_CONCEPT_CAPTION": "Standard",
          "CONCEPT_CLASS_ID": "Clinical Finding",
          "INVALID_REASON": "V"
        },
        "includeMapped": false,
        "includeDescendants": true
      },
      {
        "isExcluded": true,
        "concept": {
          "INVALID_REASON_CAPTION": "Valid",
          "CONCEPT_ID": 35531687,
          "STANDARD_CONCEPT": "C",
          "CONCEPT_CODE": "10045230",
          "VOCABULARY_ID": "MedDRA",
          "CONCEPT_NAME": "Type I diabetes mellitus with ketoacidosis",
          "DOMAIN_ID": "Condition",
          "STANDARD_CONCEPT_CAPTION": "Classification",
          "CONCEPT_CLASS_ID": "LLT",
          "INVALID_REASON": "V"
        },
        "includeMapped": false,
        "includeDescendants": false
      }
    ]},
    "name": "diabetic ketoacidosis_T2DM",
    "id": 0
  }],
  "EndStrategy": {"DateOffset": {
    "DateField": "StartDate",
    "Offset": 0
  }},
  "cdmVersionRange": ">=5.0.0",
  "CensoringCriteria": [],
  "QualifiedLimit": {"Type": "First"},
  "InclusionRules": [],
  "PrimaryCriteria": {
    "CriteriaList": [{"ConditionOccurrence": {
      "OccurrenceEndDate": null,
      "CorrelatedCriteria": null,
      "ConditionTypeExclude": false,
      "CodesetId": 0,
      "ProviderSpecialty": null,
      "Gender": null,
      "VisitType": null,
      "First": null,
      "OccurrenceStartDate": null,
      "ConditionType": null,
      "ConditionSourceConcept": null,
      "ConditionStatus": null,
      "StopReason": null,
      "Age": null
    }}],
    "PrimaryCriteriaLimit": {"Type": "All"},
    "ObservationWindow": {
      "PostDays": 0,
      "PriorDays": 0
    }
  }
}