{
  "ExpressionLimit": {"Type": "All"},
  "CollapseSettings": {
    "CollapseType": "ERA",
    "EraPad": 0
  },
  "CensorWindow": {
    "StartDate": null,
    "EndDate": null
  },
  "ConceptSets": [{
    "expression": {"items": [{
      "isExcluded": false,
      "concept": {
        "INVALID_REASON_CAPTION": "Valid",
        "CONCEPT_ID": 316139,
        "STANDARD_CONCEPT": "S",
        "CONCEPT_CODE": "84114007",
        "VOCABULARY_ID": "SNOMED",
        "CONCEPT_NAME": "Heart failure",
        "DOMAIN_ID": "Condition",
        "STANDARD_CONCEPT_CAPTION": "Standard",
        "CONCEPT_CLASS_ID": "Clinical Finding",
        "INVALID_REASON": "V"
      },
      "includeMapped": false,
      "includeDescendants": true
    }]},
    "name": "Heart failure",
    "id": 0
  }],
  "EndStrategy": {"DateOffset": {
    "DateField": "StartDate",
    "Offset": 0
  }},
  "cdmVersionRange": ">=5.0.0",
  "CensoringCriteria": [],
  "QualifiedLimit": {"Type": "First"},
  "InclusionRules": [],
  "PrimaryCriteria": {
    "CriteriaList": [{"ConditionOccurrence": {
      "OccurrenceEndDate": null,
      "CorrelatedCriteria": null,
      "ConditionTypeExclude": false,
      "CodesetId": 0,
      "ProviderSpecialty": null,
      "Gender": null,
      "VisitType": [
        {
          "INVALID_REASON_CAPTION": "Unknown",
          "CONCEPT_ID": 262,
          "STANDARD_CONCEPT": null,
          "CONCEPT_CODE": "ERIP",
          "VOCABULARY_ID": "Visit",
          "CONCEPT_NAME": "Emergency Room and Inpatient Visit",
          "DOMAIN_ID": "Visit",
          "STANDARD_CONCEPT_CAPTION": "Unknown",
          "CONCEPT_CLASS_ID": null,
          "INVALID_REASON": null
        },
        {
          "INVALID_REASON_CAPTION": "Unknown",
          "CONCEPT_ID": 9201,
          "STANDARD_CONCEPT": null,
          "CONCEPT_CODE": "IP",
          "VOCABULARY_ID": "Visit",
          "CONCEPT_NAME": "Inpatient Visit",
          "DOMAIN_ID": "Visit",
          "STANDARD_CONCEPT_CAPTION": "Unknown",
          "CONCEPT_CLASS_ID": null,
          "INVALID_REASON": null
        },
        {
          "INVALID_REASON_CAPTION": "Unknown",
          "CONCEPT_ID": 9203,
          "STANDARD_CONCEPT": null,
          "CONCEPT_CODE": "ER",
          "VOCABULARY_ID": "Visit",
          "CONCEPT_NAME": "Emergency Room Visit",
          "DOMAIN_ID": "Visit",
          "STANDARD_CONCEPT_CAPTION": "Unknown",
          "CONCEPT_CLASS_ID": null,
          "INVALID_REASON": null
        }
      ],
      "First": null,
      "OccurrenceStartDate": null,
      "ConditionType": null,
      "ConditionSourceConcept": null,
      "ConditionStatus": null,
      "StopReason": null,
      "Age": null
    }}],
    "PrimaryCriteriaLimit": {"Type": "All"},
    "ObservationWindow": {
      "PostDays": 0,
      "PriorDays": 0
    }
  }
}