{
  "ExpressionLimit": {"Type": "First"},
  "CollapseSettings": {
    "CollapseType": "ERA",
    "EraPad": 0
  },
  "CensorWindow": {
    "StartDate": null,
    "EndDate": null
  },
  "ConceptSets": [
    {
      "expression": {"items": [{
        "isExcluded": false,
        "concept": {
          "INVALID_REASON_CAPTION": "Valid",
          "CONCEPT_ID": 201826,
          "STANDARD_CONCEPT": "S",
          "CONCEPT_CODE": "44054006",
          "VOCABULARY_ID": "SNOMED",
          "CONCEPT_NAME": "Type 2 diabetes mellitus",
          "DOMAIN_ID": "Condition",
          "STANDARD_CONCEPT_CAPTION": "Standard",
          "CONCEPT_CLASS_ID": "Clinical Finding",
          "INVALID_REASON": "V"
        },
        "includeMapped": false,
        "includeDescendants": true
      }]},
      "name": "[PCH] T2DM",
      "id": 1
    },
    {
      "expression": {"items": [{
        "isExcluded": false,
        "concept": {
          "INVALID_REASON_CAPTION": "Valid",
          "CONCEPT_ID": 201254,
          "STANDARD_CONCEPT": "S",
          "CONCEPT_CODE": "46635009",
          "VOCABULARY_ID": "SNOMED",
          "CONCEPT_NAME": "Type 1 diabetes mellitus",
          "DOMAIN_ID": "Condition",
          "STANDARD_CONCEPT_CAPTION": "Standard",
          "CONCEPT_CLASS_ID": "Clinical Finding",
          "INVALID_REASON": "V"
        },
        "includeMapped": false,
        "includeDescendants": true
      }]},
      "name": "[PCH] T1DM",
      "id": 21
    },
    {
      "expression": {"items": [
        {
          "isExcluded": false,
          "concept": {
            "INVALID_REASON_CAPTION": "Valid",
            "CONCEPT_ID": 4185932,
            "STANDARD_CONCEPT": "S",
            "CONCEPT_CODE": "414545008",
            "VOCABULARY_ID": "SNOMED",
            "CONCEPT_NAME": "Ischemic heart disease",
            "DOMAIN_ID": "Condition",
            "STANDARD_CONCEPT_CAPTION": "Standard",
            "CONCEPT_CLASS_ID": "Clinical Finding",
            "INVALID_REASON": "V"
          },
          "includeMapped": false,
          "includeDescendants": true
        },
        {
          "isExcluded": true,
          "concept": {
            "INVALID_REASON_CAPTION": "Valid",
            "CONCEPT_ID": 4155963,
            "STANDARD_CONCEPT": "S",
            "CONCEPT_CODE": "371807002",
            "VOCABULARY_ID": "SNOMED",
            "CONCEPT_NAME": "Atypical angina",
            "DOMAIN_ID": "Condition",
            "STANDARD_CONCEPT_CAPTION": "Standard",
            "CONCEPT_CLASS_ID": "Clinical Finding",
            "INVALID_REASON": "V"
          },
          "includeMapped": false,
          "includeDescendants": true
        }
      ]},
      "name": "[PCH] ischemic heart disease",
      "id": 29
    },
    {
      "expression": {"items": [
        {
          "isExcluded": false,
          "concept": {
            "INVALID_REASON_CAPTION": "Valid",
            "CONCEPT_ID": 4283892,
            "STANDARD_CONCEPT": "S",
            "CONCEPT_CODE": "36969009",
            "VOCABULARY_ID": "SNOMED",
            "CONCEPT_NAME": "Placement of stent in coronary artery",
            "DOMAIN_ID": "Procedure",
            "STANDARD_CONCEPT_CAPTION": "Standard",
            "CONCEPT_CLASS_ID": "Procedure",
            "INVALID_REASON": "V"
          },
          "includeMapped": false,
          "includeDescendants": true
        },
        {
          "isExcluded": false,
          "concept": {
            "INVALID_REASON_CAPTION": "Valid",
            "CONCEPT_ID": 4081578,
            "STANDARD_CONCEPT": "S",
            "CONCEPT_CODE": "24088005",
            "VOCABULARY_ID": "SNOMED",
            "CONCEPT_NAME": "Coronary artery atherectomy",
            "DOMAIN_ID": "Procedure",
            "STANDARD_CONCEPT_CAPTION": "Standard",
            "CONCEPT_CLASS_ID": "Procedure",
            "INVALID_REASON": "V"
          },
          "includeMapped": false,
          "includeDescendants": true
        },
        {
          "isExcluded": false,
          "concept": {
            "INVALID_REASON_CAPTION": "Valid",
            "CONCEPT_ID": 2725289,
            "STANDARD_CONCEPT": "S",
            "CONCEPT_CODE": "021209W",
            "VOCABULARY_ID": "ICD10PCS",
            "CONCEPT_NAME": "Bypass Coronary Artery, Three Arteries from Aorta with Autologous Venous Tissue, Open Approach",
            "DOMAIN_ID": "Procedure",
            "STANDARD_CONCEPT_CAPTION": "Standard",
            "CONCEPT_CLASS_ID": "ICD10PCS",
            "INVALID_REASON": "V"
          },
          "includeMapped": false,
          "includeDescendants": true
        },
        {
          "isExcluded": false,
          "concept": {
            "INVALID_REASON_CAPTION": "Valid",
            "CONCEPT_ID": 4106548,
            "STANDARD_CONCEPT": "S",
            "CONCEPT_CODE": "29819009",
            "VOCABULARY_ID": "SNOMED",
            "CONCEPT_NAME": "Aortocoronary bypass of one coronary artery",
            "DOMAIN_ID": "Procedure",
            "STANDARD_CONCEPT_CAPTION": "Standard",
            "CONCEPT_CLASS_ID": "Procedure",
            "INVALID_REASON": "V"
          },
          "includeMapped": false,
          "includeDescendants": true
        },
        {
          "isExcluded": false,
          "concept": {
            "INVALID_REASON_CAPTION": "Valid",
            "CONCEPT_ID": 2725227,
            "STANDARD_CONCEPT": "S",
            "CONCEPT_CODE": "021109W",
            "VOCABULARY_ID": "ICD10PCS",
            "CONCEPT_NAME": "Bypass Coronary Artery, Two Arteries from Aorta with Autologous Venous Tissue, Open Approach",
            "DOMAIN_ID": "Procedure",
            "STANDARD_CONCEPT_CAPTION": "Standard",
            "CONCEPT_CLASS_ID": "ICD10PCS",
            "INVALID_REASON": "V"
          },
          "includeMapped": false,
          "includeDescendants": true
        },
        {
          "isExcluded": false,
          "concept": {
            "INVALID_REASON_CAPTION": "Valid",
            "CONCEPT_ID": 4284104,
            "STANDARD_CONCEPT": "S",
            "CONCEPT_CODE": "67166004",
            "VOCABULARY_ID": "SNOMED",
            "CONCEPT_NAME": "Aortocoronary artery bypass graft",
            "DOMAIN_ID": "Procedure",
            "STANDARD_CONCEPT_CAPTION": "Standard",
            "CONCEPT_CLASS_ID": "Procedure",
            "INVALID_REASON": "V"
          },
          "includeMapped": false,
          "includeDescendants": true
        },
        {
          "isExcluded": false,
          "concept": {
            "INVALID_REASON_CAPTION": "Valid",
            "CONCEPT_ID": 4063237,
            "STANDARD_CONCEPT": "S",
            "CONCEPT_CODE": "17073005",
            "VOCABULARY_ID": "SNOMED",
            "CONCEPT_NAME": "Aortocoronary artery bypass graft with vein graft",
            "DOMAIN_ID": "Procedure",
            "STANDARD_CONCEPT_CAPTION": "Standard",
            "CONCEPT_CLASS_ID": "Procedure",
            "INVALID_REASON": "V"
          },
          "includeMapped": false,
          "includeDescendants": true
        },
        {
          "isExcluded": false,
          "concept": {
            "INVALID_REASON_CAPTION": "Valid",
            "CONCEPT_ID": 4148030,
            "STANDARD_CONCEPT": "S",
            "CONCEPT_CODE": "309814006",
            "VOCABULARY_ID": "SNOMED",
            "CONCEPT_NAME": "Aortocoronary bypass grafting",
            "DOMAIN_ID": "Procedure",
            "STANDARD_CONCEPT_CAPTION": "Standard",
            "CONCEPT_CLASS_ID": "Procedure",
            "INVALID_REASON": "V"
          },
          "includeMapped": false,
          "includeDescendants": true
        },
        {
          "isExcluded": false,
          "concept": {
            "INVALID_REASON_CAPTION": "Valid",
            "CONCEPT_ID": 4184832,
            "STANDARD_CONCEPT": "S",
            "CONCEPT_CODE": "41339005",
            "VOCABULARY_ID": "SNOMED",
            "CONCEPT_NAME": "Coronary angioplasty",
            "DOMAIN_ID": "Procedure",
            "STANDARD_CONCEPT_CAPTION": "Standard",
            "CONCEPT_CLASS_ID": "Procedure",
            "INVALID_REASON": "V"
          },
          "includeMapped": false,
          "includeDescendants": true
        },
        {
          "isExcluded": false,
          "concept": {
            "INVALID_REASON_CAPTION": "Valid",
            "CONCEPT_ID": 4336464,
            "STANDARD_CONCEPT": "S",
            "CONCEPT_CODE": "232717009",
            "VOCABULARY_ID": "SNOMED",
            "CONCEPT_NAME": "Coronary artery bypass graft",
            "DOMAIN_ID": "Procedure",
            "STANDARD_CONCEPT_CAPTION": "Standard",
            "CONCEPT_CLASS_ID": "Procedure",
            "INVALID_REASON": "V"
          },
          "includeMapped": false,
          "includeDescendants": true
        },
        {
          "isExcluded": false,
          "concept": {
            "INVALID_REASON_CAPTION": "Valid",
            "CONCEPT_ID": 4305852,
            "STANDARD_CONCEPT": "S",
            "CONCEPT_CODE": "418824004",
            "VOCABULARY_ID": "SNOMED",
            "CONCEPT_NAME": "Off-pump coronary artery bypass",
            "DOMAIN_ID": "Procedure",
            "STANDARD_CONCEPT_CAPTION": "Standard",
            "CONCEPT_CLASS_ID": "Procedure",
            "INVALID_REASON": "V"
          },
          "includeMapped": false,
          "includeDescendants": true
        },
        {
          "isExcluded": false,
          "concept": {
            "INVALID_REASON_CAPTION": "Valid",
            "CONCEPT_ID": 43527998,
            "STANDARD_CONCEPT": "S",
            "CONCEPT_CODE": "92928",
            "VOCABULARY_ID": "CPT4",
            "CONCEPT_NAME": "Percutaneous transcatheter placement of intracoronary stent(s), with coronary angioplasty when performed; single major coronary artery or branch",
            "DOMAIN_ID": "Procedure",
            "STANDARD_CONCEPT_CAPTION": "Standard",
            "CONCEPT_CLASS_ID": "CPT4",
            "INVALID_REASON": "V"
          },
          "includeMapped": false,
          "includeDescendants": true
        },
        {
          "isExcluded": false,
          "concept": {
            "INVALID_REASON_CAPTION": "Valid",
            "CONCEPT_ID": 4006788,
            "STANDARD_CONCEPT": "S",
            "CONCEPT_CODE": "11101003",
            "VOCABULARY_ID": "SNOMED",
            "CONCEPT_NAME": "Percutaneous transluminal coronary angioplasty",
            "DOMAIN_ID": "Procedure",
            "STANDARD_CONCEPT_CAPTION": "Standard",
            "CONCEPT_CLASS_ID": "Procedure",
            "INVALID_REASON": "V"
          },
          "includeMapped": false,
          "includeDescendants": true
        },
        {
          "isExcluded": false,
          "concept": {
            "INVALID_REASON_CAPTION": "Valid",
            "CONCEPT_ID": 4283892,
            "STANDARD_CONCEPT": "S",
            "CONCEPT_CODE": "36969009",
            "VOCABULARY_ID": "SNOMED",
            "CONCEPT_NAME": "Placement of stent in coronary artery",
            "DOMAIN_ID": "Procedure",
            "STANDARD_CONCEPT_CAPTION": "Standard",
            "CONCEPT_CLASS_ID": "Procedure",
            "INVALID_REASON": "V"
          },
          "includeMapped": false,
          "includeDescendants": true
        },
        {
          "isExcluded": false,
          "concept": {
            "INVALID_REASON_CAPTION": "Valid",
            "CONCEPT_ID": 4020213,
            "STANDARD_CONCEPT": "S",
            "CONCEPT_CODE": "175029007",
            "VOCABULARY_ID": "SNOMED",
            "CONCEPT_NAME": "Prosthetic bypass of coronary artery",
            "DOMAIN_ID": "Procedure",
            "STANDARD_CONCEPT_CAPTION": "Standard",
            "CONCEPT_CLASS_ID": "Procedure",
            "INVALID_REASON": "V"
          },
          "includeMapped": false,
          "includeDescendants": true
        },
        {
          "isExcluded": false,
          "concept": {
            "INVALID_REASON_CAPTION": "Valid",
            "CONCEPT_ID": 37017419,
            "STANDARD_CONCEPT": "S",
            "CONCEPT_CODE": "713689002",
            "VOCABULARY_ID": "SNOMED",
            "CONCEPT_NAME": "Repair of coronary artery",
            "DOMAIN_ID": "Procedure",
            "STANDARD_CONCEPT_CAPTION": "Standard",
            "CONCEPT_CLASS_ID": "Procedure",
            "INVALID_REASON": "V"
          },
          "includeMapped": false,
          "includeDescendants": true
        }
      ]},
      "name": "[PCH] Coronary revascularisation (PCI & CABG)",
      "id": 30
    },
    {
      "expression": {"items": [{
        "isExcluded": false,
        "concept": {
          "INVALID_REASON_CAPTION": "Valid",
          "CONCEPT_ID": 321052,
          "STANDARD_CONCEPT": "S",
          "CONCEPT_CODE": "400047006",
          "VOCABULARY_ID": "SNOMED",
          "CONCEPT_NAME": "Peripheral vascular disease",
          "DOMAIN_ID": "Condition",
          "STANDARD_CONCEPT_CAPTION": "Standard",
          "CONCEPT_CLASS_ID": "Clinical Finding",
          "INVALID_REASON": "V"
        },
        "includeMapped": false,
        "includeDescendants": true
      }]},
      "name": "[PCH] Peripheral vascular disease",
      "id": 31
    },
    {
      "expression": {"items": [
        {
          "isExcluded": false,
          "concept": {
            "INVALID_REASON_CAPTION": "Valid",
            "CONCEPT_ID": 372924,
            "STANDARD_CONCEPT": "S",
            "CONCEPT_CODE": "20059004",
            "VOCABULARY_ID": "SNOMED",
            "CONCEPT_NAME": "Cerebral artery occlusion",
            "DOMAIN_ID": "Condition",
            "STANDARD_CONCEPT_CAPTION": "Standard",
            "CONCEPT_CLASS_ID": "Clinical Finding",
            "INVALID_REASON": "V"
          },
          "includeMapped": false,
          "includeDescendants": true
        },
        {
          "isExcluded": false,
          "concept": {
            "INVALID_REASON_CAPTION": "Valid",
            "CONCEPT_ID": 375557,
            "STANDARD_CONCEPT": "S",
            "CONCEPT_CODE": "75543006",
            "VOCABULARY_ID": "SNOMED",
            "CONCEPT_NAME": "Cerebral embolism",
            "DOMAIN_ID": "Condition",
            "STANDARD_CONCEPT_CAPTION": "Standard",
            "CONCEPT_CLASS_ID": "Clinical Finding",
            "INVALID_REASON": "V"
          },
          "includeMapped": false,
          "includeDescendants": true
        },
        {
          "isExcluded": false,
          "concept": {
            "INVALID_REASON_CAPTION": "Valid",
            "CONCEPT_ID": 443454,
            "STANDARD_CONCEPT": "S",
            "CONCEPT_CODE": "432504007",
            "VOCABULARY_ID": "SNOMED",
            "CONCEPT_NAME": "Cerebral infarction",
            "DOMAIN_ID": "Condition",
            "STANDARD_CONCEPT_CAPTION": "Standard",
            "CONCEPT_CLASS_ID": "Clinical Finding",
            "INVALID_REASON": "V"
          },
          "includeMapped": false,
          "includeDescendants": true
        },
        {
          "isExcluded": false,
          "concept": {
            "INVALID_REASON_CAPTION": "Valid",
            "CONCEPT_ID": 441874,
            "STANDARD_CONCEPT": "S",
            "CONCEPT_CODE": "71444005",
            "VOCABULARY_ID": "SNOMED",
            "CONCEPT_NAME": "Cerebral thrombosis",
            "DOMAIN_ID": "Condition",
            "STANDARD_CONCEPT_CAPTION": "Standard",
            "CONCEPT_CLASS_ID": "Clinical Finding",
            "INVALID_REASON": "V"
          },
          "includeMapped": false,
          "includeDescendants": true
        },
        {
          "isExcluded": false,
          "concept": {
            "INVALID_REASON_CAPTION": "Valid",
            "CONCEPT_ID": 4112026,
            "STANDARD_CONCEPT": "S",
            "CONCEPT_CODE": "195243003",
            "VOCABULARY_ID": "SNOMED",
            "CONCEPT_NAME": "Sequelae of cerebral infarction",
            "DOMAIN_ID": "Condition",
            "STANDARD_CONCEPT_CAPTION": "Standard",
            "CONCEPT_CLASS_ID": "Clinical Finding",
            "INVALID_REASON": "V"
          },
          "includeMapped": false,
          "includeDescendants": true
        },
        {
          "isExcluded": true,
          "concept": {
            "INVALID_REASON_CAPTION": "Valid",
            "CONCEPT_ID": 4043732,
            "STANDARD_CONCEPT": "S",
            "CONCEPT_CODE": "230708002",
            "VOCABULARY_ID": "SNOMED",
            "CONCEPT_NAME": "Posterior cerebral circulation hemorrhagic infarction",
            "DOMAIN_ID": "Condition",
            "STANDARD_CONCEPT_CAPTION": "Standard",
            "CONCEPT_CLASS_ID": "Clinical Finding",
            "INVALID_REASON": "V"
          },
          "includeMapped": false,
          "includeDescendants": true
        },
        {
          "isExcluded": true,
          "concept": {
            "INVALID_REASON_CAPTION": "Valid",
            "CONCEPT_ID": 4046362,
            "STANDARD_CONCEPT": "S",
            "CONCEPT_CODE": "230706003",
            "VOCABULARY_ID": "SNOMED",
            "CONCEPT_NAME": "Hemorrhagic cerebral infarction",
            "DOMAIN_ID": "Condition",
            "STANDARD_CONCEPT_CAPTION": "Standard",
            "CONCEPT_CLASS_ID": "Clinical Finding",
            "INVALID_REASON": "V"
          },
          "includeMapped": false,
          "includeDescendants": true
        },
        {
          "isExcluded": true,
          "concept": {
            "INVALID_REASON_CAPTION": "Valid",
            "CONCEPT_ID": 764819,
            "STANDARD_CONCEPT": "S",
            "CONCEPT_CODE": "674101000119103",
            "VOCABULARY_ID": "SNOMED",
            "CONCEPT_NAME": "Vertigo due to and following hemorrhagic cerebrovascular accident",
            "DOMAIN_ID": "Condition",
            "STANDARD_CONCEPT_CAPTION": "Standard",
            "CONCEPT_CLASS_ID": "Clinical Finding",
            "INVALID_REASON": "V"
          },
          "includeMapped": false,
          "includeDescendants": true
        },
        {
          "isExcluded": true,
          "concept": {
            "INVALID_REASON_CAPTION": "Valid",
            "CONCEPT_ID": 42535689,
            "STANDARD_CONCEPT": "S",
            "CONCEPT_CODE": "674391000119106",
            "VOCABULARY_ID": "SNOMED",
            "CONCEPT_NAME": "Speech and language deficit as sequela of hemorrhagic cerebrovascular accident",
            "DOMAIN_ID": "Condition",
            "STANDARD_CONCEPT_CAPTION": "Standard",
            "CONCEPT_CLASS_ID": "Clinical Finding",
            "INVALID_REASON": "V"
          },
          "includeMapped": false,
          "includeDescendants": true
        },
        {
          "isExcluded": true,
          "concept": {
            "INVALID_REASON_CAPTION": "Valid",
            "CONCEPT_ID": 764818,
            "STANDARD_CONCEPT": "S",
            "CONCEPT_CODE": "672491000119106",
            "VOCABULARY_ID": "SNOMED",
            "CONCEPT_NAME": "Fluency disorder due to and following hemorrhagic cerebrovascular accident",
            "DOMAIN_ID": "Condition",
            "STANDARD_CONCEPT_CAPTION": "Standard",
            "CONCEPT_CLASS_ID": "Clinical Finding",
            "INVALID_REASON": "V"
          },
          "includeMapped": false,
          "includeDescendants": true
        },
        {
          "isExcluded": true,
          "concept": {
            "INVALID_REASON_CAPTION": "Valid",
            "CONCEPT_ID": 42535680,
            "STANDARD_CONCEPT": "S",
            "CONCEPT_CODE": "672531000119106",
            "VOCABULARY_ID": "SNOMED",
            "CONCEPT_NAME": "Dysphasia due to and following hemorrhagic cerebrovascular accident",
            "DOMAIN_ID": "Condition",
            "STANDARD_CONCEPT_CAPTION": "Standard",
            "CONCEPT_CLASS_ID": "Clinical Finding",
            "INVALID_REASON": "V"
          },
          "includeMapped": false,
          "includeDescendants": true
        },
        {
          "isExcluded": true,
          "concept": {
            "INVALID_REASON_CAPTION": "Valid",
            "CONCEPT_ID": 42535678,
            "STANDARD_CONCEPT": "S",
            "CONCEPT_CODE": "672511000119101",
            "VOCABULARY_ID": "SNOMED",
            "CONCEPT_NAME": "Dysarthria due to and following hemorrhagic cerebrovascular accident",
            "DOMAIN_ID": "Condition",
            "STANDARD_CONCEPT_CAPTION": "Standard",
            "CONCEPT_CLASS_ID": "Clinical Finding",
            "INVALID_REASON": "V"
          },
          "includeMapped": false,
          "includeDescendants": true
        },
        {
          "isExcluded": true,
          "concept": {
            "INVALID_REASON_CAPTION": "Valid",
            "CONCEPT_ID": 42535682,
            "STANDARD_CONCEPT": "S",
            "CONCEPT_CODE": "672571000119109",
            "VOCABULARY_ID": "SNOMED",
            "CONCEPT_NAME": "Cognitive deficit due to and following hemorrhagic cerebrovascular accident",
            "DOMAIN_ID": "Condition",
            "STANDARD_CONCEPT_CAPTION": "Standard",
            "CONCEPT_CLASS_ID": "Clinical Finding",
            "INVALID_REASON": "V"
          },
          "includeMapped": false,
          "includeDescendants": true
        },
        {
          "isExcluded": false,
          "concept": {
            "INVALID_REASON_CAPTION": "Valid",
            "CONCEPT_ID": 4319331,
            "STANDARD_CONCEPT": "S",
            "CONCEPT_CODE": "95460007",
            "VOCABULARY_ID": "SNOMED",
            "CONCEPT_NAME": "Cerebellar infarction",
            "DOMAIN_ID": "Condition",
            "STANDARD_CONCEPT_CAPTION": "Standard",
            "CONCEPT_CLASS_ID": "Clinical Finding",
            "INVALID_REASON": "V"
          },
          "includeMapped": false,
          "includeDescendants": true
        },
        {
          "isExcluded": false,
          "concept": {
            "INVALID_REASON_CAPTION": "Valid",
            "CONCEPT_ID": 4111710,
            "STANDARD_CONCEPT": "S",
            "CONCEPT_CODE": "195212005",
            "VOCABULARY_ID": "SNOMED",
            "CONCEPT_NAME": "Brainstem stroke syndrome",
            "DOMAIN_ID": "Condition",
            "STANDARD_CONCEPT_CAPTION": "Standard",
            "CONCEPT_CLASS_ID": "Clinical Finding",
            "INVALID_REASON": "V"
          },
          "includeMapped": false,
          "includeDescendants": true
        },
        {
          "isExcluded": true,
          "concept": {
            "INVALID_REASON_CAPTION": "Valid",
            "CONCEPT_ID": 42535685,
            "STANDARD_CONCEPT": "S",
            "CONCEPT_CODE": "674121000119107",
            "VOCABULARY_ID": "SNOMED",
            "CONCEPT_NAME": "Ataxia as sequela of hemorrhagic cerebrovascular accident",
            "DOMAIN_ID": "Condition",
            "STANDARD_CONCEPT_CAPTION": "Standard",
            "CONCEPT_CLASS_ID": "Clinical Finding",
            "INVALID_REASON": "V"
          },
          "includeMapped": false,
          "includeDescendants": true
        },
        {
          "isExcluded": true,
          "concept": {
            "INVALID_REASON_CAPTION": "Valid",
            "CONCEPT_ID": 765694,
            "STANDARD_CONCEPT": "S",
            "CONCEPT_CODE": "674351000119101",
            "VOCABULARY_ID": "SNOMED",
            "CONCEPT_NAME": "Apraxia due to and following hemorrhagic cerebrovascular accident",
            "DOMAIN_ID": "Condition",
            "STANDARD_CONCEPT_CAPTION": "Standard",
            "CONCEPT_CLASS_ID": "Clinical Finding",
            "INVALID_REASON": "V"
          },
          "includeMapped": false,
          "includeDescendants": true
        },
        {
          "isExcluded": true,
          "concept": {
            "INVALID_REASON_CAPTION": "Valid",
            "CONCEPT_ID": 35621734,
            "STANDARD_CONCEPT": "S",
            "CONCEPT_CODE": "672551000119100",
            "VOCABULARY_ID": "SNOMED",
            "CONCEPT_NAME": "Aphasia due to and following hemorrhagic cerebrovascular accident",
            "DOMAIN_ID": "Condition",
            "STANDARD_CONCEPT_CAPTION": "Standard",
            "CONCEPT_CLASS_ID": "Clinical Finding",
            "INVALID_REASON": "V"
          },
          "includeMapped": false,
          "includeDescendants": true
        }
      ]},
      "name": "[PCH] Ischemic stroke",
      "id": 32
    },
    {
      "expression": {"items": [{
        "isExcluded": false,
        "concept": {
          "INVALID_REASON_CAPTION": "Valid",
          "CONCEPT_ID": 193782,
          "STANDARD_CONCEPT": "S",
          "CONCEPT_CODE": "46177005",
          "VOCABULARY_ID": "SNOMED",
          "CONCEPT_NAME": "End-stage renal disease",
          "DOMAIN_ID": "Condition",
          "STANDARD_CONCEPT_CAPTION": "Standard",
          "CONCEPT_CLASS_ID": "Clinical Finding",
          "INVALID_REASON": "V"
        },
        "includeMapped": false,
        "includeDescendants": true
      }]},
      "name": "[PCH] ESRD",
      "id": 33
    },
    {
      "expression": {"items": [{
        "isExcluded": false,
        "concept": {
          "INVALID_REASON_CAPTION": "Valid",
          "CONCEPT_ID": 4120120,
          "STANDARD_CONCEPT": "S",
          "CONCEPT_CODE": "302497006",
          "VOCABULARY_ID": "SNOMED",
          "CONCEPT_NAME": "Hemodialysis",
          "DOMAIN_ID": "Procedure",
          "STANDARD_CONCEPT_CAPTION": "Standard",
          "CONCEPT_CLASS_ID": "Procedure",
          "INVALID_REASON": "V"
        },
        "includeMapped": false,
        "includeDescendants": true
      }]},
      "name": "[PCH] hemodialysis",
      "id": 34
    },
    {
      "expression": {"items": [{
        "isExcluded": false,
        "concept": {
          "INVALID_REASON_CAPTION": "Valid",
          "CONCEPT_ID": 4324124,
          "STANDARD_CONCEPT": "S",
          "CONCEPT_CODE": "71192002",
          "VOCABULARY_ID": "SNOMED",
          "CONCEPT_NAME": "Peritoneal dialysis",
          "DOMAIN_ID": "Procedure",
          "STANDARD_CONCEPT_CAPTION": "Standard",
          "CONCEPT_CLASS_ID": "Procedure",
          "INVALID_REASON": "V"
        },
        "includeMapped": false,
        "includeDescendants": true
      }]},
      "name": "[PCH] peritoneal dialysis",
      "id": 35
    },
    {
      "expression": {"items": [{
        "isExcluded": false,
        "concept": {
          "INVALID_REASON_CAPTION": "Valid",
          "CONCEPT_ID": 4322471,
          "STANDARD_CONCEPT": "S",
          "CONCEPT_CODE": "70536003",
          "VOCABULARY_ID": "SNOMED",
          "CONCEPT_NAME": "Transplant of kidney",
          "DOMAIN_ID": "Procedure",
          "STANDARD_CONCEPT_CAPTION": "Standard",
          "CONCEPT_CLASS_ID": "Procedure",
          "INVALID_REASON": "V"
        },
        "includeMapped": false,
        "includeDescendants": true
      }]},
      "name": "[PCH] Transplant of kidney",
      "id": 36
    },
    {
      "expression": {"items": [{
        "isExcluded": false,
        "concept": {
          "INVALID_REASON_CAPTION": "Valid",
          "CONCEPT_ID": 443611,
          "STANDARD_CONCEPT": "S",
          "CONCEPT_CODE": "433146000",
          "VOCABULARY_ID": "SNOMED",
          "CONCEPT_NAME": "Chronic kidney disease stage 5",
          "DOMAIN_ID": "Condition",
          "STANDARD_CONCEPT_CAPTION": "Standard",
          "CONCEPT_CLASS_ID": "Clinical Finding",
          "INVALID_REASON": "V"
        },
        "includeMapped": false,
        "includeDescendants": true
      }]},
      "name": "[PCH] CKD stage 5",
      "id": 37
    },
    {
      "expression": {"items": [
        {
          "isExcluded": false,
          "concept": {
            "INVALID_REASON_CAPTION": "Valid",
            "CONCEPT_ID": 42922959,
            "STANDARD_CONCEPT": "S",
            "CONCEPT_CODE": "OMOP4649759",
            "VOCABULARY_ID": "RxNorm Extension",
            "CONCEPT_NAME": "0.5 ML dulaglutide 3 MG/ML Pen Injector",
            "DOMAIN_ID": "Drug",
            "STANDARD_CONCEPT_CAPTION": "Standard",
            "CONCEPT_CLASS_ID": "Quant Clinical Drug",
            "INVALID_REASON": "V"
          },
          "includeMapped": false,
          "includeDescendants": true
        },
        {
          "isExcluded": false,
          "concept": {
            "INVALID_REASON_CAPTION": "Valid",
            "CONCEPT_ID": 42922767,
            "STANDARD_CONCEPT": "S",
            "CONCEPT_CODE": "OMOP4649757",
            "VOCABULARY_ID": "RxNorm Extension",
            "CONCEPT_NAME": "0.5 ML dulaglutide 1.5 MG/ML Pen Injector",
            "DOMAIN_ID": "Drug",
            "STANDARD_CONCEPT_CAPTION": "Standard",
            "CONCEPT_CLASS_ID": "Quant Clinical Drug",
            "INVALID_REASON": "V"
          },
          "includeMapped": false,
          "includeDescendants": true
        },
        {
          "isExcluded": false,
          "concept": {
            "INVALID_REASON_CAPTION": "Valid",
            "CONCEPT_ID": 45774435,
            "STANDARD_CONCEPT": "S",
            "CONCEPT_CODE": "1551291",
            "VOCABULARY_ID": "RxNorm",
            "CONCEPT_NAME": "dulaglutide",
            "DOMAIN_ID": "Drug",
            "STANDARD_CONCEPT_CAPTION": "Standard",
            "CONCEPT_CLASS_ID": "Ingredient",
            "INVALID_REASON": "V"
          },
          "includeMapped": false,
          "includeDescendants": true
        }
      ]},
      "name": "[PCH] dulaglutide (final) - T2DM",
      "id": 38
    },
    {
      "expression": {"items": [
        {
          "isExcluded": false,
          "concept": {
            "INVALID_REASON_CAPTION": "Valid",
            "CONCEPT_ID": 44785831,
            "STANDARD_CONCEPT": "S",
            "CONCEPT_CODE": "1488569",
            "VOCABULARY_ID": "RxNorm",
            "CONCEPT_NAME": "dapagliflozin 10 MG Oral Tablet",
            "DOMAIN_ID": "Drug",
            "STANDARD_CONCEPT_CAPTION": "Standard",
            "CONCEPT_CLASS_ID": "Clinical Drug",
            "INVALID_REASON": "V"
          },
          "includeMapped": false,
          "includeDescendants": true
        },
        {
          "isExcluded": false,
          "concept": {
            "INVALID_REASON_CAPTION": "Valid",
            "CONCEPT_ID": 45774754,
            "STANDARD_CONCEPT": "S",
            "CONCEPT_CODE": "1545658",
            "VOCABULARY_ID": "RxNorm",
            "CONCEPT_NAME": "empagliflozin 10 MG Oral Tablet",
            "DOMAIN_ID": "Drug",
            "STANDARD_CONCEPT_CAPTION": "Standard",
            "CONCEPT_CLASS_ID": "Clinical Drug",
            "INVALID_REASON": "V"
          },
          "includeMapped": false,
          "includeDescendants": true
        },
        {
          "isExcluded": false,
          "concept": {
            "INVALID_REASON_CAPTION": "Valid",
            "CONCEPT_ID": 1123740,
            "STANDARD_CONCEPT": "C",
            "CONCEPT_CODE": "A10BK03",
            "VOCABULARY_ID": "ATC",
            "CONCEPT_NAME": "empagliflozin; oral",
            "DOMAIN_ID": "Drug",
            "STANDARD_CONCEPT_CAPTION": "Classification",
            "CONCEPT_CLASS_ID": "ATC 5th",
            "INVALID_REASON": "V"
          },
          "includeMapped": false,
          "includeDescendants": true
        },
        {
          "isExcluded": false,
          "concept": {
            "INVALID_REASON_CAPTION": "Valid",
            "CONCEPT_ID": 715887,
            "STANDARD_CONCEPT": "C",
            "CONCEPT_CODE": "A10BK04",
            "VOCABULARY_ID": "ATC",
            "CONCEPT_NAME": "ertugliflozin; oral",
            "DOMAIN_ID": "Drug",
            "STANDARD_CONCEPT_CAPTION": "Classification",
            "CONCEPT_CLASS_ID": "ATC 5th",
            "INVALID_REASON": "V"
          },
          "includeMapped": false,
          "includeDescendants": true
        },
        {
          "isExcluded": false,
          "concept": {
            "INVALID_REASON_CAPTION": "Valid",
            "CONCEPT_ID": 715760,
            "STANDARD_CONCEPT": "C",
            "CONCEPT_CODE": "A10BK05",
            "VOCABULARY_ID": "ATC",
            "CONCEPT_NAME": "ipragliflozin",
            "DOMAIN_ID": "Drug",
            "STANDARD_CONCEPT_CAPTION": "Classification",
            "CONCEPT_CLASS_ID": "ATC 5th",
            "INVALID_REASON": "V"
          },
          "includeMapped": false,
          "includeDescendants": true
        },
        {
          "isExcluded": false,
          "concept": {
            "INVALID_REASON_CAPTION": "Valid",
            "CONCEPT_ID": 43534751,
            "STANDARD_CONCEPT": "C",
            "CONCEPT_CODE": "A10BD15",
            "VOCABULARY_ID": "ATC",
            "CONCEPT_NAME": "metformin and dapagliflozin",
            "DOMAIN_ID": "Drug",
            "STANDARD_CONCEPT_CAPTION": "Classification",
            "CONCEPT_CLASS_ID": "ATC 5th",
            "INVALID_REASON": "V"
          },
          "includeMapped": false,
          "includeDescendants": true
        },
        {
          "isExcluded": false,
          "concept": {
            "INVALID_REASON_CAPTION": "Valid",
            "CONCEPT_ID": 1588671,
            "STANDARD_CONCEPT": "C",
            "CONCEPT_CODE": "A10BD20",
            "VOCABULARY_ID": "ATC",
            "CONCEPT_NAME": "metformin and empagliflozin",
            "DOMAIN_ID": "Drug",
            "STANDARD_CONCEPT_CAPTION": "Classification",
            "CONCEPT_CLASS_ID": "ATC 5th",
            "INVALID_REASON": "V"
          },
          "includeMapped": false,
          "includeDescendants": true
        },
        {
          "isExcluded": false,
          "concept": {
            "INVALID_REASON_CAPTION": "Valid",
            "CONCEPT_ID": 1123890,
            "STANDARD_CONCEPT": "C",
            "CONCEPT_CODE": "A10BK01",
            "VOCABULARY_ID": "ATC",
            "CONCEPT_NAME": "dapagliflozin; oral",
            "DOMAIN_ID": "Drug",
            "STANDARD_CONCEPT_CAPTION": "Classification",
            "CONCEPT_CLASS_ID": "ATC 5th",
            "INVALID_REASON": "V"
          },
          "includeMapped": false,
          "includeDescendants": true
        },
        {
          "isExcluded": false,
          "concept": {
            "INVALID_REASON_CAPTION": "Valid",
            "CONCEPT_ID": 44785829,
            "STANDARD_CONCEPT": "S",
            "CONCEPT_CODE": "1488564",
            "VOCABULARY_ID": "RxNorm",
            "CONCEPT_NAME": "dapagliflozin",
            "DOMAIN_ID": "Drug",
            "STANDARD_CONCEPT_CAPTION": "Standard",
            "CONCEPT_CLASS_ID": "Ingredient",
            "INVALID_REASON": "V"
          },
          "includeMapped": false,
          "includeDescendants": true
        },
        {
          "isExcluded": false,
          "concept": {
            "INVALID_REASON_CAPTION": "Valid",
            "CONCEPT_ID": 45774751,
            "STANDARD_CONCEPT": "S",
            "CONCEPT_CODE": "1545653",
            "VOCABULARY_ID": "RxNorm",
            "CONCEPT_NAME": "empagliflozin",
            "DOMAIN_ID": "Drug",
            "STANDARD_CONCEPT_CAPTION": "Standard",
            "CONCEPT_CLASS_ID": "Ingredient",
            "INVALID_REASON": "V"
          },
          "includeMapped": false,
          "includeDescendants": true
        },
        {
          "isExcluded": false,
          "concept": {
            "INVALID_REASON_CAPTION": "Valid",
            "CONCEPT_ID": 793293,
            "STANDARD_CONCEPT": "S",
            "CONCEPT_CODE": "1992672",
            "VOCABULARY_ID": "RxNorm",
            "CONCEPT_NAME": "ertugliflozin",
            "DOMAIN_ID": "Drug",
            "STANDARD_CONCEPT_CAPTION": "Standard",
            "CONCEPT_CLASS_ID": "Ingredient",
            "INVALID_REASON": "V"
          },
          "includeMapped": false,
          "includeDescendants": true
        },
        {
          "isExcluded": false,
          "concept": {
            "INVALID_REASON_CAPTION": "Valid",
            "CONCEPT_ID": 43009020,
            "STANDARD_CONCEPT": "S",
            "CONCEPT_CODE": "OMOP4700446",
            "VOCABULARY_ID": "RxNorm Extension",
            "CONCEPT_NAME": "ipragliflozin",
            "DOMAIN_ID": "Drug",
            "STANDARD_CONCEPT_CAPTION": "Standard",
            "CONCEPT_CLASS_ID": "Ingredient",
            "INVALID_REASON": "V"
          },
          "includeMapped": false,
          "includeDescendants": true
        },
        {
          "isExcluded": false,
          "concept": {
            "INVALID_REASON_CAPTION": "Valid",
            "CONCEPT_ID": 1123609,
            "STANDARD_CONCEPT": "C",
            "CONCEPT_CODE": "A10BJ03",
            "VOCABULARY_ID": "ATC",
            "CONCEPT_NAME": "lixisenatide; parenteral",
            "DOMAIN_ID": "Drug",
            "STANDARD_CONCEPT_CAPTION": "Classification",
            "CONCEPT_CLASS_ID": "ATC 5th",
            "INVALID_REASON": "V"
          },
          "includeMapped": false,
          "includeDescendants": true
        },
        {
          "isExcluded": false,
          "concept": {
            "INVALID_REASON_CAPTION": "Valid",
            "CONCEPT_ID": 44506754,
            "STANDARD_CONCEPT": "S",
            "CONCEPT_CODE": "1440051",
            "VOCABULARY_ID": "RxNorm",
            "CONCEPT_NAME": "lixisenatide",
            "DOMAIN_ID": "Drug",
            "STANDARD_CONCEPT_CAPTION": "Standard",
            "CONCEPT_CLASS_ID": "Ingredient",
            "INVALID_REASON": "V"
          },
          "includeMapped": false,
          "includeDescendants": true
        },
        {
          "isExcluded": false,
          "concept": {
            "INVALID_REASON_CAPTION": "Valid",
            "CONCEPT_ID": 40170911,
            "STANDARD_CONCEPT": "S",
            "CONCEPT_CODE": "475968",
            "VOCABULARY_ID": "RxNorm",
            "CONCEPT_NAME": "liraglutide",
            "DOMAIN_ID": "Drug",
            "STANDARD_CONCEPT_CAPTION": "Standard",
            "CONCEPT_CLASS_ID": "Ingredient",
            "INVALID_REASON": "V"
          },
          "includeMapped": false,
          "includeDescendants": true
        },
        {
          "isExcluded": false,
          "concept": {
            "INVALID_REASON_CAPTION": "Valid",
            "CONCEPT_ID": 1501756,
            "STANDARD_CONCEPT": "C",
            "CONCEPT_CODE": "A10AE54",
            "VOCABULARY_ID": "ATC",
            "CONCEPT_NAME": "insulin glargine and lixisenatide; systemic",
            "DOMAIN_ID": "Drug",
            "STANDARD_CONCEPT_CAPTION": "Classification",
            "CONCEPT_CLASS_ID": "ATC 5th",
            "INVALID_REASON": "V"
          },
          "includeMapped": false,
          "includeDescendants": true
        },
        {
          "isExcluded": false,
          "concept": {
            "INVALID_REASON_CAPTION": "Valid",
            "CONCEPT_ID": 1123633,
            "STANDARD_CONCEPT": "C",
            "CONCEPT_CODE": "A10BJ01",
            "VOCABULARY_ID": "ATC",
            "CONCEPT_NAME": "exenatide; parenteral",
            "DOMAIN_ID": "Drug",
            "STANDARD_CONCEPT_CAPTION": "Classification",
            "CONCEPT_CLASS_ID": "ATC 5th",
            "INVALID_REASON": "V"
          },
          "includeMapped": false,
          "includeDescendants": true
        },
        {
          "isExcluded": false,
          "concept": {
            "INVALID_REASON_CAPTION": "Valid",
            "CONCEPT_ID": 1583722,
            "STANDARD_CONCEPT": "S",
            "CONCEPT_CODE": "60548",
            "VOCABULARY_ID": "RxNorm",
            "CONCEPT_NAME": "exenatide",
            "DOMAIN_ID": "Drug",
            "STANDARD_CONCEPT_CAPTION": "Standard",
            "CONCEPT_CLASS_ID": "Ingredient",
            "INVALID_REASON": "V"
          },
          "includeMapped": false,
          "includeDescendants": true
        },
        {
          "isExcluded": false,
          "concept": {
            "INVALID_REASON_CAPTION": "Valid",
            "CONCEPT_ID": 1123739,
            "STANDARD_CONCEPT": "C",
            "CONCEPT_CODE": "A10BJ04",
            "VOCABULARY_ID": "ATC",
            "CONCEPT_NAME": "albiglutide; parenteral",
            "DOMAIN_ID": "Drug",
            "STANDARD_CONCEPT_CAPTION": "Classification",
            "CONCEPT_CLASS_ID": "ATC 5th",
            "INVALID_REASON": "V"
          },
          "includeMapped": false,
          "includeDescendants": true
        }
      ]},
      "name": "[PCH] SGLT2i and other GLP1a (final) - T2DM",
      "id": 39
    }
  ],
  "EndStrategy": {"CustomEra": {
    "DrugCodesetId": 38,
    "DaysSupplyOverride": null,
    "GapDays": 180,
    "Offset": 90
  }},
  "cdmVersionRange": ">=5.0.0",
  "CensoringCriteria": [{"DrugExposure": {
    "OccurrenceEndDate": null,
    "CorrelatedCriteria": null,
    "DrugSourceConcept": null,
    "CodesetId": 39,
    "DrugTypeExclude": false,
    "Quantity": null,
    "DrugType": null,
    "ProviderSpecialty": null,
    "EffectiveDrugDose": null,
    "Gender": null,
    "DaysSupply": null,
    "DoseUnit": null,
    "VisitType": null,
    "Refills": null,
    "First": null,
    "OccurrenceStartDate": null,
    "RouteConcept": null,
    "StopReason": null,
    "LotNumber": null,
    "Age": null
  }}],
  "QualifiedLimit": {"Type": "First"},
  "InclusionRules": [
    {
      "expression": {
        "CriteriaList": [{
          "RestrictVisit": false,
          "StartWindow": {
            "UseEventEnd": false,
            "Start": {
              "Days": null,
              "Coeff": -1
            },
            "End": {
              "Days": 0,
              "Coeff": 1
            },
            "UseIndexEnd": false
          },
          "IgnoreObservationPeriod": false,
          "EndWindow": null,
          "Criteria": {"ConditionOccurrence": {
            "OccurrenceEndDate": null,
            "CorrelatedCriteria": null,
            "ConditionTypeExclude": false,
            "CodesetId": 1,
            "ProviderSpecialty": null,
            "Gender": null,
            "VisitType": null,
            "First": null,
            "OccurrenceStartDate": null,
            "ConditionType": null,
            "ConditionSourceConcept": null,
            "ConditionStatus": null,
            "StopReason": null,
            "Age": null
          }},
          "Occurrence": {
            "Type": 2,
            "CountColumn": null,
            "IsDistinct": false,
            "Count": 1
          }
        }],
        "Type": "ALL",
        "DemographicCriteriaList": [],
        "Groups": [],
        "Count": null
      },
      "name": "T2DM diagnosis before index date",
      "description": null
    },
    {
      "expression": {
        "CriteriaList": [{
          "RestrictVisit": false,
          "StartWindow": {
            "UseEventEnd": false,
            "Start": {
              "Days": null,
              "Coeff": -1
            },
            "End": {
              "Days": null,
              "Coeff": 1
            },
            "UseIndexEnd": false
          },
          "IgnoreObservationPeriod": false,
          "EndWindow": null,
          "Criteria": {"ConditionOccurrence": {
            "OccurrenceEndDate": null,
            "CorrelatedCriteria": null,
            "ConditionTypeExclude": false,
            "CodesetId": 21,
            "ProviderSpecialty": null,
            "Gender": null,
            "VisitType": null,
            "First": null,
            "OccurrenceStartDate": null,
            "ConditionType": null,
            "ConditionSourceConcept": null,
            "ConditionStatus": null,
            "StopReason": null,
            "Age": null
          }},
          "Occurrence": {
            "Type": 0,
            "CountColumn": null,
            "IsDistinct": false,
            "Count": 0
          }
        }],
        "Type": "ALL",
        "DemographicCriteriaList": [],
        "Groups": [],
        "Count": null
      },
      "name": "all time no T1DM",
      "description": null
    },
    {
      "expression": {
        "CriteriaList": [{
          "RestrictVisit": false,
          "StartWindow": {
            "UseEventEnd": false,
            "Start": {
              "Days": null,
              "Coeff": -1
            },
            "End": {
              "Days": 0,
              "Coeff": 1
            },
            "UseIndexEnd": false
          },
          "IgnoreObservationPeriod": false,
          "EndWindow": null,
          "Criteria": {"DrugExposure": {
            "OccurrenceEndDate": null,
            "CorrelatedCriteria": null,
            "DrugSourceConcept": null,
            "CodesetId": 39,
            "DrugTypeExclude": false,
            "Quantity": null,
            "DrugType": null,
            "ProviderSpecialty": null,
            "EffectiveDrugDose": null,
            "Gender": null,
            "DaysSupply": null,
            "DoseUnit": null,
            "VisitType": null,
            "Refills": null,
            "First": null,
            "OccurrenceStartDate": null,
            "RouteConcept": null,
            "StopReason": null,
            "LotNumber": null,
            "Age": null
          }},
          "Occurrence": {
            "Type": 0,
            "CountColumn": null,
            "IsDistinct": false,
            "Count": 0
          }
        }],
        "Type": "ALL",
        "DemographicCriteriaList": [],
        "Groups": [],
        "Count": null
      },
      "name": "No SGLT2i and other GLP1a before index date",
      "description": null
    },
    {
      "expression": {
        "CriteriaList": [
          {
            "RestrictVisit": false,
            "StartWindow": {
              "UseEventEnd": false,
              "Start": {
                "Days": null,
                "Coeff": -1
              },
              "End": {
                "Days": 0,
                "Coeff": -1
              },
              "UseIndexEnd": false
            },
            "IgnoreObservationPeriod": false,
            "EndWindow": null,
            "Criteria": {"ConditionOccurrence": {
              "OccurrenceEndDate": null,
              "CorrelatedCriteria": null,
              "ConditionTypeExclude": false,
              "CodesetId": 29,
              "ProviderSpecialty": null,
              "Gender": null,
              "VisitType": null,
              "First": null,
              "OccurrenceStartDate": null,
              "ConditionType": null,
              "ConditionSourceConcept": null,
              "ConditionStatus": null,
              "StopReason": null,
              "Age": null
            }},
            "Occurrence": {
              "Type": 2,
              "CountColumn": null,
              "IsDistinct": false,
              "Count": 1
            }
          },
          {
            "RestrictVisit": false,
            "StartWindow": {
              "UseEventEnd": false,
              "Start": {
                "Days": null,
                "Coeff": -1
              },
              "End": {
                "Days": 0,
                "Coeff": -1
              },
              "UseIndexEnd": false
            },
            "IgnoreObservationPeriod": false,
            "EndWindow": null,
            "Criteria": {"ProcedureOccurrence": {
              "ProcedureType": null,
              "CorrelatedCriteria": null,
              "CodesetId": 30,
              "ProcedureSourceConcept": null,
              "Quantity": null,
              "ProviderSpecialty": null,
              "Gender": null,
              "ProcedureTypeExclude": false,
              "VisitType": null,
              "First": null,
              "OccurrenceStartDate": null,
              "Modifier": null,
              "Age": null
            }},
            "Occurrence": {
              "Type": 2,
              "CountColumn": null,
              "IsDistinct": false,
              "Count": 1
            }
          },
          {
            "RestrictVisit": false,
            "StartWindow": {
              "UseEventEnd": false,
              "Start": {
                "Days": null,
                "Coeff": -1
              },
              "End": {
                "Days": 0,
                "Coeff": -1
              },
              "UseIndexEnd": false
            },
            "IgnoreObservationPeriod": false,
            "EndWindow": null,
            "Criteria": {"ConditionOccurrence": {
              "OccurrenceEndDate": null,
              "CorrelatedCriteria": null,
              "ConditionTypeExclude": false,
              "CodesetId": 31,
              "ProviderSpecialty": null,
              "Gender": null,
              "VisitType": null,
              "First": null,
              "OccurrenceStartDate": null,
              "ConditionType": null,
              "ConditionSourceConcept": null,
              "ConditionStatus": null,
              "StopReason": null,
              "Age": null
            }},
            "Occurrence": {
              "Type": 2,
              "CountColumn": null,
              "IsDistinct": false,
              "Count": 1
            }
          },
          {
            "RestrictVisit": false,
            "StartWindow": {
              "UseEventEnd": false,
              "Start": {
                "Days": null,
                "Coeff": -1
              },
              "End": {
                "Days": 0,
                "Coeff": -1
              },
              "UseIndexEnd": false
            },
            "IgnoreObservationPeriod": false,
            "EndWindow": null,
            "Criteria": {"ConditionOccurrence": {
              "OccurrenceEndDate": null,
              "CorrelatedCriteria": null,
              "ConditionTypeExclude": false,
              "CodesetId": 32,
              "ProviderSpecialty": null,
              "Gender": null,
              "VisitType": null,
              "First": null,
              "OccurrenceStartDate": null,
              "ConditionType": null,
              "ConditionSourceConcept": null,
              "ConditionStatus": null,
              "StopReason": null,
              "Age": null
            }},
            "Occurrence": {
              "Type": 2,
              "CountColumn": null,
              "IsDistinct": false,
              "Count": 1
            }
          }
        ],
        "Type": "ANY",
        "DemographicCriteriaList": [],
        "Groups": [],
        "Count": null
      },
      "name": "before ASCVD",
      "description": null
    },
    {
      "expression": {
        "CriteriaList": [
          {
            "RestrictVisit": false,
            "StartWindow": {
              "UseEventEnd": false,
              "Start": {
                "Days": null,
                "Coeff": -1
              },
              "End": {
                "Days": 0,
                "Coeff": -1
              },
              "UseIndexEnd": false
            },
            "IgnoreObservationPeriod": false,
            "EndWindow": null,
            "Criteria": {"ConditionOccurrence": {
              "OccurrenceEndDate": null,
              "CorrelatedCriteria": null,
              "ConditionTypeExclude": false,
              "CodesetId": 33,
              "ProviderSpecialty": null,
              "Gender": null,
              "VisitType": null,
              "First": null,
              "OccurrenceStartDate": null,
              "ConditionType": null,
              "ConditionSourceConcept": null,
              "ConditionStatus": null,
              "StopReason": null,
              "Age": null
            }},
            "Occurrence": {
              "Type": 1,
              "CountColumn": null,
              "IsDistinct": false,
              "Count": 0
            }
          },
          {
            "RestrictVisit": false,
            "StartWindow": {
              "UseEventEnd": false,
              "Start": {
                "Days": null,
                "Coeff": -1
              },
              "End": {
                "Days": 0,
                "Coeff": -1
              },
              "UseIndexEnd": false
            },
            "IgnoreObservationPeriod": false,
            "EndWindow": null,
            "Criteria": {"ProcedureOccurrence": {
              "ProcedureType": null,
              "CorrelatedCriteria": null,
              "CodesetId": 34,
              "ProcedureSourceConcept": null,
              "Quantity": null,
              "ProviderSpecialty": null,
              "Gender": null,
              "ProcedureTypeExclude": false,
              "VisitType": null,
              "First": null,
              "OccurrenceStartDate": null,
              "Modifier": null,
              "Age": null
            }},
            "Occurrence": {
              "Type": 1,
              "CountColumn": null,
              "IsDistinct": false,
              "Count": 0
            }
          },
          {
            "RestrictVisit": false,
            "StartWindow": {
              "UseEventEnd": false,
              "Start": {
                "Days": null,
                "Coeff": -1
              },
              "End": {
                "Days": 0,
                "Coeff": -1
              },
              "UseIndexEnd": false
            },
            "IgnoreObservationPeriod": false,
            "EndWindow": null,
            "Criteria": {"ProcedureOccurrence": {
              "ProcedureType": null,
              "CorrelatedCriteria": null,
              "CodesetId": 35,
              "ProcedureSourceConcept": null,
              "Quantity": null,
              "ProviderSpecialty": null,
              "Gender": null,
              "ProcedureTypeExclude": false,
              "VisitType": null,
              "First": null,
              "OccurrenceStartDate": null,
              "Modifier": null,
              "Age": null
            }},
            "Occurrence": {
              "Type": 1,
              "CountColumn": null,
              "IsDistinct": false,
              "Count": 0
            }
          },
          {
            "RestrictVisit": false,
            "StartWindow": {
              "UseEventEnd": false,
              "Start": {
                "Days": null,
                "Coeff": -1
              },
              "End": {
                "Days": 0,
                "Coeff": -1
              },
              "UseIndexEnd": false
            },
            "IgnoreObservationPeriod": false,
            "EndWindow": null,
            "Criteria": {"ProcedureOccurrence": {
              "ProcedureType": null,
              "CorrelatedCriteria": null,
              "CodesetId": 36,
              "ProcedureSourceConcept": null,
              "Quantity": null,
              "ProviderSpecialty": null,
              "Gender": null,
              "ProcedureTypeExclude": false,
              "VisitType": null,
              "First": null,
              "OccurrenceStartDate": null,
              "Modifier": null,
              "Age": null
            }},
            "Occurrence": {
              "Type": 1,
              "CountColumn": null,
              "IsDistinct": false,
              "Count": 0
            }
          },
          {
            "RestrictVisit": false,
            "StartWindow": {
              "UseEventEnd": false,
              "Start": {
                "Days": null,
                "Coeff": -1
              },
              "End": {
                "Days": 0,
                "Coeff": -1
              },
              "UseIndexEnd": false
            },
            "IgnoreObservationPeriod": false,
            "EndWindow": null,
            "Criteria": {"ConditionOccurrence": {
              "OccurrenceEndDate": null,
              "CorrelatedCriteria": null,
              "ConditionTypeExclude": false,
              "CodesetId": 37,
              "ProviderSpecialty": null,
              "Gender": null,
              "VisitType": null,
              "First": null,
              "OccurrenceStartDate": null,
              "ConditionType": null,
              "ConditionSourceConcept": null,
              "ConditionStatus": null,
              "StopReason": null,
              "Age": null
            }},
            "Occurrence": {
              "Type": 1,
              "CountColumn": null,
              "IsDistinct": false,
              "Count": 0
            }
          }
        ],
        "Type": "ALL",
        "DemographicCriteriaList": [],
        "Groups": [],
        "Count": null
      },
      "name": "No previous ESRD, HD, PD, KT, CKD stage 5",
      "description": null
    }
  ],
  "PrimaryCriteria": {
    "CriteriaList": [{"DrugExposure": {
      "OccurrenceEndDate": null,
      "CorrelatedCriteria": null,
      "DrugSourceConcept": null,
      "CodesetId": 38,
      "DrugTypeExclude": false,
      "Quantity": null,
      "DrugType": null,
      "ProviderSpecialty": null,
      "EffectiveDrugDose": null,
      "Gender": null,
      "DaysSupply": null,
      "DoseUnit": null,
      "VisitType": null,
      "Refills": null,
      "First": true,
      "OccurrenceStartDate": null,
      "RouteConcept": null,
      "StopReason": null,
      "LotNumber": null,
      "Age": {
        "Op": "gte",
        "Extent": null,
        "Value": 18
      }
    }}],
    "PrimaryCriteriaLimit": {"Type": "First"},
    "ObservationWindow": {
      "PostDays": 0,
      "PriorDays": 365
    }
  }
}